year,population
2015,47236.259
2016,48051.133
2017,48708.733
2018,49266.1
2019,49807.232
2020,50394.468
2021,51045.418
2022,51745.923
2023,52488.315
2024,53254.716
2025,54031.988
2026,54821.177
2027,55629.271
2028,56455.036
2029,57296.883
2030,58152.822
2031,59021.365
2032,59899.725
2033,60782.878
2034,61664.706
2035,62540.003
2036,63406.318
2037,64261.83
2038,65102.811
2039,65925.414
2040,66726.738
2041,67504.958
2042,68259.707
2043,68991.575
2044,69702.126
2045,70392.79
2046,71063.594
2047,71714.913
2048,72349.204
2049,72969.577
2050,73578.602
2051,74177.211
2052,74765.794
2053,75345.609
2054,75917.875
2055,76483.415
2056,77042.709
2057,77595.653
2058,78141.628
2059,78679.63
2060,79208.665
2061,79728.413
2062,80238.278
2063,80736.618
2064,81221.41
2065,81690.984
2066,82144.598
2067,82581.818
2068,83001.7
2069,83403.319
2070,83786.024
2071,84149.438
2072,84493.545
2073,84818.554
2074,85124.879
2075,85413.031
2076,85683.23
2077,85935.928
2078,86172.174
2079,86393.298
2080,86600.449
2081,86794.391
2082,86975.702
2083,87145.262
2084,87303.869
2085,87452.349
2086,87591.522
2087,87722.127
2088,87844.836
2089,87960.294
2090,88069.154
2091,88172.155
2092,88270.068
2093,88363.699
2094,88453.872
2095,88541.383
2096,88626.998
2097,88711.463
2098,88795.49
2099,88879.763
2100,88964.918
